ธนาคาร,ผลิตภัณฑ์/ชื่อบัตร,ผู้ออกบัตร
ยูโอบี,บัตรเครดิตยูโอบี วัน มาสเตอร์การ์ด,MASTERCARD
ยูโอบี,บัตรเครดิตยูโอบี วิสดี มาสเตอร์การ์ด,MASTERCARD
ยูโอบี,บัตรเครดิตยูโอบี เลดี้ แพลทินัม,MASTERCARD
ยูโอบี,บัตรเครดิตยูโอบี พรีเมียริ์,MASTERCARD
ยูโอบี,บัตรเครดิตยูโอบี ฟรีไมล์ส,VISA
ยูโอบี,บัตรเครดิตยูโอบี ลาซาด้า,MASTERCARD
ยูโอบี,บัตรเครดิตยูโอบี ฟรีเฟอร์,VISA
ยูโอบี,บัตรเครดิตยูโอบี แกร็บ,Mastercard
ยูโอบี,บัตรเครดิตยูโอบี เลดี้ โซลิแทร์,MASTERCARD
ยูโอบี,บัตรเครดิตยูโอบี รอยัล ออร์คิด พลัส,MASTERCARD
ยูโอบี,บัตรเครดิตยูโอบี รอยัล ออร์คิด พลัส ฟรีเฟร์,MASTERCARD
ยูโอบี,บัตรเครดิตยูโอบี เมอร์เซเดส,MASTERCARD
ยูโอบี,บัตรเครดิตยูโอบี คริสฟลายเออร์ วิสดี,VISA
ยูโอบี,บัตรเครดิตยูโอบี คริสฟลายเออร์ วิสดี อีลิท,VISA
UOB TMRW,บัตรเครดิต UOB TMRW,MASTERCARD
ทีทีบี,บัตรเครดิต ทีทีบี ดิสนีย์,VISA
ทีทีบี,บัตรเครดิต ทีทีบี โซ ฟาสต์,VISA
ทีทีบี,บัตรเครดิต ทีทีบี โซ สมาร์ท,VISA
กรุงไทย (KTC),บัตรเครดิต KTC ดิจิทัล แพลทินัม วีซ่า,VISA
กรุงไทย (KTC),บัตรเครดิต KTC ดิจิทัล แพลทินัม มาสเตอร์การ์ด,MASTERCARD
กรุงไทย (KTC),บัตรเครดิต KTC Visa Platinum,VISA
กรุงไทย (KTC),บัตรเครดิต KTC บางจาก แพลทินัม,VISA
กรุงไทย (KTC),บัตรเครดิต KTC JCB Ultimate,JCB
กรุงไทย (KTC),บัตรเครดิต KTC Agoda Platinum Mastercard,MASTERCARD
กรุงไทย (KTC),บัตรเครดิต KTC Agoda World Rewards Mastercard,MASTERCARD
กรุงไทย (KTC),บัตรเครดิต KTC Agoda Black World Rewards Mastercard,MASTERCARD
กรุงศรี,บัตรเครดิตกรุงศรี เฟิร์สช้อยส์ วีซ่า,VISA
เซ็นทรัล (The 1),บัตรเครดิต เซ็นทรัล เดอะวัน เรดซ์,MASTERCARD
เซ็นทรัล (The 1),บัตรเครดิต เซ็นทรัล เดอะวัน แบล็ค,MASTERCARD
กรุงศรี,บัตรเครดิตกรุงศรี เอ็กซ์ยู ดิจิทัล,VISA
คาร์ด เอกซ์ (CardX),บัตรเครดิต CardX Up2Me,MASTERCARD
คาร์ด เอกซ์ (CardX),บัตรเครดิต CardX Ultra Platinum,VISA
คาร์ด เอกซ์ (CardX),บัตรเครดิต CardX Family Plus,MASTERCARD
คาร์ด เอกซ์ (CardX),บัตรเครดิต CardX Beyond,MASTERCARD
First Choice,เฟิร์สช้อยส์ วีซ่า แพลทินัม,VISA
First Choice,เอ็กซ์ยู บัตรเครดิต ดิจิทัล,VISA
First Choice,เฟิร์สช้อยส์ วีซ่า แพลทินัม บลูพลัส,VISA
Central Group First Choice,เซ็นทรัล เดอะวัน เฟิร์สช้อยส์,VISA
HomePro First Choice,บัตรโฮมโปร เฟิร์สช้อยส์,VISA
Mega Home First Choice,บัตรเมกาโฮม เฟิร์สช้อยส์ บิซ,VISA
Bangkok Bank,Bangkok Bank M LIVE Visa Platinum,VISA
Bangkok Bank,Bangkok Bank M LUXE Visa Signature,VISA
Bangkok Bank,Bangkok Bank M LEGEND Visa Infinite,VISA
KBank,KBank Titanium Mastercard,Mastercard
KBank,KBank The Passion Visa Signature,VISA
KBank,KBank One Siam Credit Card,VISA
KBank,KBank Shopee Credit Card,VISA
KBank,KBank LINE Points Credit Card,VISA
KBank,KBank Platinum Visa,VISA
First Choice,เฟิร์สช้อยส์ วีซ่า แพลทินัม,VISA
First Choice,เอ็กซ์ยู บัตรเครดิต ดิจิทัล,VISA
First Choice,เฟิร์สช้อยส์ วีซ่า แพลทินัม บลูพลัส,VISA
Central Group First Choice,เซ็นทรัล เดอะวัน เฟิร์สช้อยส์,VISA
HomePro First Choice,บัตรโฮมโปร เฟิร์สช้อยส์,VISA
Mega Home First Choice,บัตรเมกาโฮม เฟิร์สช้อยส์ บิซ,VISA
CardX,CardX ULTRA PLATINUM,VISA
CardX,CardX UP2ME,VISA
CardX,CardX FAMILY PLUS,VISA
ออมสิน,บัตรเครดิตธนาคารออมสิน พรีเชียส,VISA
ออมสิน,บัตรเครดิตธนาคารออมสิน มาสเตอร์การ์ด แพลทินัม,Mastercard
KBank,เดอะวิสดอมกสิกรไทย (วีซ่า อินฟินิท),VISA